{
 "configs": [
  {
   "dens": [
    3,
    2
   ],
   "q_eq_rel": 0.028081848121816022,
   "r": 0.45504146274986224,
   "D2": 0.25513473949256427,
   "nsec": {
    "4": 1.4224310628426557,
    "6": 1.676967043765172,
    "8": 1.866072757173816,
    "12": 1.9514119831017123,
    "16": 2.04899723275838
   }
  },
  {
   "dens": [
    5,
    4
   ],
   "q_eq_rel": 0.01360279327260315,
   "r": 0.4630818265138407,
   "D2": 0.31896814480477875,
   "nsec": {
    "4": 1.2837382777315114,
    "6": 1.629946418810351,
    "8": 1.7737623256792083,
    "12": 1.8790766371296843,
    "16": 2.0729735419268285
   }
  },
  {
   "dens": [
    7,
    8
   ],
   "q_eq_rel": 0.007740794343657805,
   "r": 0.46137580246792487,
   "D2": 0.38318742971431274,
   "nsec": {
    "4": 1.2420209932369308,
    "6": 1.454004122829596,
    "8": 1.7646572433561685,
    "12": 1.9280072304155087,
    "16": 2.0986271697110475
   }
  },
  {
   "dens": [
    3,
    8
   ],
   "q_eq_rel": 0.014743670204559346,
   "r": 0.46263787146451946,
   "D2": 0.25883973083538103,
   "nsec": {
    "4": 1.5090276059180463,
    "6": 1.7266329934817517,
    "8": 1.831796282398644,
    "12": 2.031714852612228,
    "16": 2.1753491802460743
   }
  }
 ],
 "verdict": "DIAL-CONFIRMED-SHORT: monotone 0.26 -> 0.38, below the AI band -- extend the dial (denser graphs) to test entry.",
 "wall_s": 34.4
}