{
 "configs": [
  {
   "dens": [
    99,
    2
   ],
   "q_eq_rel": 0.017320508075688773,
   "r": 0.4633532981895653,
   "D2": 0.6870797547810866,
   "nsec": {
    "4": 1.260372713200096,
    "6": 1.5167048938867669,
    "8": 1.8096934546667025,
    "12": 2.499052532311968,
    "16": 3.2431607792905637
   }
  },
  {
   "dens": [
    99,
    8
   ],
   "q_eq_rel": 0.007740794343657805,
   "r": 0.46137580246792487,
   "D2": 0.634671289318726,
   "nsec": {
    "4": 1.2420209932369308,
    "6": 1.454004122829596,
    "8": 1.7646572433561685,
    "12": 2.302218173934478,
    "16": 2.982589707009707
   }
  }
 ],
 "M_stability": {
  "80": 0.7789280212970688,
  "120": 0.5623642889323934
 },
 "verdict": "DIAL-ENTERS-BAND: complete-graph D2 = [0.69, 0.63] reaches the AI band [0.56, 0.80] at matched position -- the fabrication bridge closes QUANTITATIVELY at router-like coupling.",
 "wall_s": 54.1
}