{
 "n_use": 800,
 "rows": [
  {
   "kappa": 0.0,
   "per_sector": {
    "ee": [
     0.4478775434654761,
     0.01837490061309337,
     197
    ],
    "eo": [
     0.3934870968863802,
     0.01936329991962325,
     184
    ],
    "oe": [
     0.4654234940074201,
     0.018405418851696675,
     191
    ],
    "oo": [
     0.4612438837306155,
     0.019944707368194176,
     180
    ]
   },
   "pooled": [
    0.44222511744244786,
    0.009557389189701974,
    752
   ],
   "low": [
    0.455277740744335,
    0.01330111518105893,
    371
   ],
   "high": [
    0.4302364438467362,
    0.013756686794500263,
    373
   ],
   "counts": {
    "ee": 209,
    "eo": 196,
    "oe": 203,
    "oo": 192,
    "xx": 0
   },
   "min_quality": 0.9625086921255791
  },
  {
   "kappa": 10000.0,
   "per_sector": {
    "ee": [
     0.44116013472905174,
     0.018191031459020714,
     197
    ],
    "eo": [
     0.3981471995716537,
     0.01946548506931043,
     185
    ],
    "oe": [
     0.45783530578456594,
     0.018638677815086532,
     191
    ],
    "oo": [
     0.45979375174983206,
     0.020098091164282284,
     179
    ]
   },
   "pooled": [
    0.43924920668942974,
    0.00957826980468759,
    752
   ],
   "low": [
    0.45443031553071617,
    0.013405461253481866,
    370
   ],
   "high": [
    0.42407573254137404,
    0.013722456352461637,
    374
   ],
   "counts": {
    "ee": 209,
    "eo": 197,
    "oe": 203,
    "oo": 191,
    "xx": 0
   },
   "min_quality": 0.9672679495213065
  },
  {
   "kappa": 300000.0,
   "per_sector": {
    "ee": [
     0.4630303665907039,
     0.01902860946265423,
     197
    ],
    "eo": [
     0.39839500472395506,
     0.019027609469795294,
     185
    ],
    "oe": [
     0.43970597529280464,
     0.020291285023341828,
     191
    ],
    "oo": [
     0.43012093388605177,
     0.020660987220638933,
     179
    ]
   },
   "pooled": [
    0.433371737418656,
    0.009911215176556385,
    752
   ],
   "low": [
    0.4350590206651874,
    0.013884263329994968,
    370
   ],
   "high": [
    0.4347538615157317,
    0.014360613403800553,
    374
   ],
   "counts": {
    "ee": 209,
    "eo": 197,
    "oe": 203,
    "oo": 191,
    "xx": 0
   },
   "min_quality": 0.9564262157560909
  },
  {
   "kappa": 1000000.0,
   "per_sector": {
    "ee": [
     0.4138490891348174,
     0.019318145214442594,
     198
    ],
    "eo": [
     0.4283233234601513,
     0.01929740338876471,
     185
    ],
    "oe": [
     0.4024620577682119,
     0.021638309379934485,
     190
    ],
    "oo": [
     0.3863813322678878,
     0.02053571410694558,
     179
    ]
   },
   "pooled": [
    0.407994659495657,
    0.01012413427093477,
    752
   ],
   "low": [
    0.3905150592986663,
    0.014826496813108806,
    371
   ],
   "high": [
    0.426111882381593,
    0.013955796072648347,
    373
   ],
   "counts": {
    "ee": 210,
    "eo": 197,
    "oe": 202,
    "oo": 191,
    "xx": 0
   },
   "min_quality": 0.982383211747267
  },
  {
   "kappa": 3000000.0,
   "per_sector": {
    "ee": [
     0.4104467437125878,
     0.02015906145295898,
     198
    ],
    "eo": [
     0.39928420888579447,
     0.020298918995240545,
     185
    ],
    "oe": [
     0.409316015108408,
     0.01960407964925962,
     189
    ],
    "oo": [
     0.4010971978858365,
     0.021818599598487576,
     180
    ]
   },
   "pooled": [
    0.4051785324121065,
    0.010232003322277012,
    752
   ],
   "low": [
    0.4291819645910506,
    0.014698097085342695,
    371
   ],
   "high": [
    0.37778550672965633,
    0.014240163387675139,
    373
   ],
   "counts": {
    "ee": 210,
    "eo": 197,
    "oe": 201,
    "oo": 192,
    "xx": 0
   },
   "min_quality": 0.9913220394202821
  },
  {
   "kappa": 100000000.0,
   "per_sector": {
    "ee": [
     0.41053869044294755,
     0.01955841534392115,
     198
    ],
    "eo": [
     0.35382072605364856,
     0.02068178331451439,
     185
    ],
    "oe": [
     0.41628207275537427,
     0.019929625850035965,
     189
    ],
    "oo": [
     0.3690063028403618,
     0.022462492432188858,
     180
    ]
   },
   "pooled": [
    0.3880876878851854,
    0.01036080354249734,
    752
   ],
   "low": [
    0.40638678119254473,
    0.014940204920381856,
    371
   ],
   "high": [
    0.36771428688932406,
    0.01440254667314964,
    373
   ],
   "counts": {
    "ee": 210,
    "eo": 197,
    "oe": 201,
    "oo": 192,
    "xx": 0
   },
   "min_quality": 0.9791150930350581
  },
  {
   "kappa": 10000000000.0,
   "per_sector": {
    "ee": [
     0.4178931952881665,
     0.019899204128734357,
     198
    ],
    "eo": [
     0.353641080827588,
     0.020758915226744664,
     185
    ],
    "oe": [
     0.41941119712747255,
     0.02025189805806414,
     189
    ],
    "oo": [
     0.3690501939438873,
     0.022287823433323493,
     180
    ]
   },
   "pooled": [
    0.39077686673823503,
    0.010441873898705756,
    752
   ],
   "low": [
    0.4074037552177987,
    0.015017640744791047,
    371
   ],
   "high": [
    0.3723129652695745,
    0.01457553101544387,
    373
   ],
   "counts": {
    "ee": 210,
    "eo": 197,
    "oe": 201,
    "oo": 192,
    "xx": 0
   },
   "min_quality": 0.9648215880260506
  }
 ],
 "supports": true,
 "baseline_ssss": [
  0.39076525595235345,
  0.010442326058279884,
  752
 ],
 "baseline_ritz_ffff": [
  0.44336557157529854,
  0.010712991415775336,
  600
 ]
}