{
 "gates": {
  "free_vs_e5_order": 1500,
  "free_vs_e5_spacing_reported": 224,
  "n_e5": 1500,
  "free_two_mesh_r6_informative": 668,
  "uniform_drift_vs_e5": 0.0003222053585456395,
  "ss_penalty_order": 1256,
  "n_use_f": 1500,
  "n_use_s": 1256,
  "collar_delta": 0.0012692979846251617
 },
 "sectors": {
  "ee": {
   "Ns": [
    128,
    256
   ],
   "mln": [
    -1.7717510870265787,
    -2.036607834578735
   ],
   "slope": -0.38210751623947603,
   "se": 0.23245700476674538,
   "D2": 0.38210751623947603,
   "Dq": {
    "1.5": 0.43963568121935215,
    "2.0": 0.3821075162394765,
    "4.0": 0.3070736275466305
   },
   "dq_spread": 0.13256205367272167,
   "gram_cond": 1.0000102543134932,
   "n_free": 387,
   "n_basis": 324
  },
  "eo": {
   "Ns": [
    128,
    256
   ],
   "mln": [
    -2.0022435473815903,
    -2.142767967708196
   ],
   "slope": -0.20273388432899017,
   "se": 0.21078671249360045,
   "D2": 0.20273388432899017,
   "Dq": {
    "1.5": 0.273912236058527,
    "2.0": 0.20273388432899098,
    "4.0": 0.11594325219043895
   },
   "dq_spread": 0.15796898386808805,
   "gram_cond": 1.0000091989020403,
   "n_free": 371,
   "n_basis": 312
  },
  "oe": {
   "Ns": [
    128,
    256
   ],
   "mln": [
    -2.0310020774611344,
    -2.0997277860155683
   ],
   "slope": -0.09915023891306203,
   "se": 0.18962117885753005,
   "D2": 0.09915023891306203,
   "Dq": {
    "1.5": 0.18531513017214388,
    "2.0": 0.09915023891306218,
    "4.0": 0.006882256891060075
   },
   "dq_spread": 0.17843287328108381,
   "gram_cond": 1.0000105752065598,
   "n_free": 376,
   "n_basis": 316
  },
  "oo": {
   "Ns": [
    128,
    256
   ],
   "mln": [
    -1.948054960621045,
    -2.102814922862992
   ],
   "slope": -0.2232714300546203,
   "se": 0.20045734170211182,
   "D2": 0.2232714300546203,
   "Dq": {
    "1.5": 0.29385125194712786,
    "2.0": 0.22327143005462025,
    "4.0": 0.1532116683185699
   },
   "dq_spread": 0.14063958362855797,
   "gram_cond": 1.0000091062554293,
   "n_free": 366,
   "n_basis": 304
  }
 },
 "pooled": {
  "slope": -0.2128690744025133,
  "se": 0.10330128797291055,
  "D2": 0.2128690744025133,
  "sigma": 2.0606623458396327
 },
 "verdict": "INTERMEDIATE (2.1 sigma; see table)."
}