{
 "gates": {
  "free_vs_e5_order": 1500,
  "free_vs_e5_spacing_reported": 224,
  "n_e5": 1500,
  "free_two_mesh_r6_informative": 668,
  "uniform_drift_vs_e5": 0.0003222053585456395,
  "ss_penalty_order": 1256,
  "n_use_f": 1500,
  "n_use_s": 2300,
  "ss_sector_order": {
   "ee": 417,
   "eo": 467,
   "oe": 473,
   "oo": 561
  },
  "collar_delta": 0.0012692979846251617
 },
 "sectors": {
  "ee": {
   "Ns": [
    128,
    256
   ],
   "mln": [
    -1.7717510870265785,
    -2.036607834578735
   ],
   "slope": -0.38210751623947636,
   "se": 0.2324570047667454,
   "D2": 0.38210751623947636,
   "Dq": {
    "1.5": 0.43963568121935315,
    "2.0": 0.3821075162394766,
    "4.0": 0.3070736275466305
   },
   "dq_spread": 0.13256205367272267,
   "gram_cond": 1.0000128753530835,
   "n_free": 387,
   "n_basis": 417
  },
  "eo": {
   "Ns": [
    128,
    256
   ],
   "mln": [
    -2.0022435473815894,
    -2.142767967708196
   ],
   "slope": -0.20273388432899142,
   "se": 0.2107867124936004,
   "D2": 0.20273388432899142,
   "Dq": {
    "1.5": 0.2739122360585277,
    "2.0": 0.2027338843289919,
    "4.0": 0.11594325219043895
   },
   "dq_spread": 0.15796898386808877,
   "gram_cond": 1.000015879675318,
   "n_free": 371,
   "n_basis": 467
  },
  "oe": {
   "Ns": [
    128,
    256
   ],
   "mln": [
    -2.0310020774611344,
    -2.0997277860155688
   ],
   "slope": -0.09915023891306268,
   "se": 0.18962117885753002,
   "D2": 0.09915023891306268,
   "Dq": {
    "1.5": 0.18531513017214388,
    "2.0": 0.0991502389130631,
    "4.0": 0.006882256891060075
   },
   "dq_spread": 0.17843287328108381,
   "gram_cond": 1.0000157358302901,
   "n_free": 376,
   "n_basis": 473
  },
  "oo": {
   "Ns": [
    128,
    256,
    512
   ],
   "mln": [
    -1.948054960621045,
    -2.102814922862992,
    -2.312915746413471
   ],
   "slope": -0.27124947952657325,
   "se": 0.08982659869215082,
   "D2": 0.27124947952657325,
   "Dq": {
    "1.5": 0.30887651180934717,
    "2.0": 0.26319142313879174,
    "4.0": 0.20935065573845987
   },
   "dq_spread": 0.09952585607088729,
   "gram_cond": 1.000019794996164,
   "n_free": 366,
   "n_basis": 561
  }
 },
 "pooled": {
  "slope": -0.24906172491248146,
  "se": 0.07202667202540913,
  "D2": 0.24906172491248146,
  "sigma": 3.457909659141533
 },
 "verdict": "THIRD-POINT-CONFIRMED: genuine true-operator delocalization, D2_true = 0.249 at 3.5 sigma -- ABOVE the triangle (hierarchy prediction holds)."
}