{
 "config": {
  "nu": 0.33,
  "n_modes": 800,
  "ratios": [
   1.2724,
   1.4142135624,
   1.6189043236,
   1.8329988,
   2.0322198
  ],
  "ny": 60
 },
 "runs": {
  "r1.2724": {
   "ratio": 1.2724,
   "per_sector": {
    "ee": [
     0.43140463944289104,
     0.01792645791924299,
     194
    ],
    "eo": [
     0.4563867948743617,
     0.02054348670655635,
     186
    ],
    "oe": [
     0.4783139555921028,
     0.020096974608304695,
     188
    ],
    "oo": [
     0.44988737124931866,
     0.02008814369418683,
     184
    ]
   },
   "pooled": [
    0.45383343598369963,
    0.009848216300379376
   ],
   "mesh": [
    76,
    60
   ],
   "n_rigid": 3,
   "min_quality": 0.9780675222870576,
   "wall_s": 410.5
  },
  "r1.41421": {
   "ratio": 1.4142135624,
   "per_sector": {
    "ee": [
     0.4073851930278062,
     0.018450200562637447,
     197
    ],
    "eo": [
     0.4297969170635158,
     0.01856807482033404,
     186
    ],
    "oe": [
     0.4345880704244335,
     0.0203623993395306,
     190
    ],
    "oo": [
     0.45106926034458833,
     0.0207424508974963,
     179
    ]
   },
   "pooled": [
    0.4301997880087971,
    0.009778828968286555
   ],
   "mesh": [
    85,
    60
   ],
   "n_rigid": 3,
   "min_quality": 0.9986190682430318,
   "wall_s": 463.7
  },
  "r1.6189": {
   "ratio": 1.6189043236,
   "per_sector": {
    "ee": [
     0.4478586256855464,
     0.018370884728893352,
     197
    ],
    "eo": [
     0.39347081035214443,
     0.01936358825030628,
     184
    ],
    "oe": [
     0.4654787422289017,
     0.01840743448676024,
     191
    ],
    "oo": [
     0.4612508727705107,
     0.019947413724689195,
     180
    ]
   },
   "pooled": [
    0.4422318819538023,
    0.009557541290121284
   ],
   "mesh": [
    97,
    60
   ],
   "n_rigid": 3,
   "min_quality": 0.9705142475707874,
   "wall_s": 543.2
  },
  "r1.833": {
   "ratio": 1.8329988,
   "per_sector": {
    "ee": [
     0.4520020269862589,
     0.01994637637219867,
     196
    ],
    "eo": [
     0.46847840143581965,
     0.020982333612987916,
     186
    ],
    "oe": [
     0.3983592404613963,
     0.01765582854892608,
     190
    ],
    "oo": [
     0.4482161414271772,
     0.02070709328855009,
     180
    ]
   },
   "pooled": [
    0.4416177408257,
    0.009967195541333998
   ],
   "mesh": [
    110,
    60
   ],
   "n_rigid": 3,
   "min_quality": 0.9665425994703079,
   "wall_s": 629.2
  },
  "r2.03222": {
   "ratio": 2.0322198,
   "per_sector": {
    "ee": [
     0.4119126503959497,
     0.018871215804997312,
     197
    ],
    "eo": [
     0.4177900685329481,
     0.019208544731492395,
     185
    ],
    "oe": [
     0.4130281377740512,
     0.01761989900307192,
     190
    ],
    "oo": [
     0.4536816354105483,
     0.019484506244578703,
     180
    ]
   },
   "pooled": [
    0.4236382916988909,
    0.009419376120967876
   ],
   "mesh": [
    122,
    60
   ],
   "n_rigid": 3,
   "min_quality": 0.959054744070247,
   "wall_s": 709.4
  }
 },
 "verdict": "RATIO-DEPENDENT structure -- inspect per-sector table",
 "wall_time_s": 2755.9
}