{
 "n_use": 1000,
 "rows": {
  "free": {
   "per_sector": {
    "A1": [
     0.4897396700337472,
     0.01679164455664628,
     166
    ],
    "A2": [
     0.4373598959121037,
     0.02200307129934484,
     144
    ],
    "E": [
     0.5115433288173747,
     0.014273968893830636,
     321
    ]
   },
   "pooled": [
    0.48887800124773745,
    0.009941312209940554,
    631
   ],
   "low": [
    0.5216071649313017,
    0.014062158120732273,
    312
   ],
   "high": [
    0.45760620857689793,
    0.013981654647261196,
    313
   ],
   "dedup": {
    "n_pairs": 333,
    "n_odd": 0,
    "max_split": 7.457656095587211e-06
   },
   "counts": {
    "A1": 178,
    "A2": 156,
    "E": 666,
    "xx": 0
   },
   "min_quality": 0.7895367475080537
  },
  "ss": {
   "per_sector": {
    "A1": [
     0.3806315450172263,
     0.023733944959437873,
     167
    ],
    "A2": [
     0.37496238185868724,
     0.024950843199902036,
     143
    ],
    "E": [
     0.3727336385001035,
     0.020362339934739265,
     321
    ]
   },
   "pooled": [
    0.37532898032044737,
    0.013369671795339278,
    631
   ],
   "low": [
    0.42081215253201326,
    0.019111648672561002,
    311
   ],
   "high": [
    0.33336438490147635,
    0.018581708946226433,
    314
   ],
   "dedup": {
    "n_pairs": 333,
    "n_odd": 0,
    "max_split": 5.747933944195735e-07
   },
   "counts": {
    "A1": 179,
    "A2": 155,
    "E": 666,
    "xx": 0
   },
   "min_quality": 0.707371504626041
  }
 },
 "amplitude_sigma": 6.81539481503984,
 "per_sector_sigma": {
  "A1": 3.7528574645892303,
  "A2": 1.8756694771366744,
  "E": 5.582069015600326
 },
 "verdict": "SUPPORTS the geometry prediction (intermediate statistics in the non-separable free triangle)"
}