{
 "th_dip": 74.49152542372882,
 "angles": {
  "73": {
   "cert_depth": 395,
   "frac_x": 0.0,
   "resid": 0.005615828292382318,
   "ndof": 21607,
   "LOW": {
    "r": 0.3713427840339557,
    "sem": 0.04237385811032418,
    "n": 46,
    "win": [
     10,
     35
    ]
   },
   "DEEP": {
    "r": 0.4006193965620062,
    "sem": 0.01622215144878772,
    "n": 280,
    "win": [
     50,
     192
    ]
   }
  },
  "74.49": {
   "cert_depth": 395,
   "frac_x": 0.0,
   "resid": 0.005277647087253499,
   "ndof": 22055,
   "LOW": {
    "r": 0.3291365075357558,
    "sem": 0.03647447347305598,
    "n": 46,
    "win": [
     10,
     35
    ]
   },
   "DEEP": {
    "r": 0.3955239077663815,
    "sem": 0.015956002143580266,
    "n": 280,
    "win": [
     50,
     192
    ]
   }
  },
  "75": {
   "cert_depth": 395,
   "frac_x": 0.0,
   "resid": 0.005765361973114808,
   "ndof": 22172,
   "LOW": {
    "r": 0.3058753303666409,
    "sem": 0.031760985720436265,
    "n": 46,
    "win": [
     10,
     35
    ]
   },
   "DEEP": {
    "r": 0.409218566143128,
    "sem": 0.016308488457681257,
    "n": 280,
    "win": [
     50,
     192
    ]
   }
  },
  "77": {
   "cert_depth": 395,
   "frac_x": 0.0,
   "resid": 0.0062540041376243725,
   "ndof": 22755,
   "LOW": {
    "r": 0.38759843710068925,
    "sem": 0.04193509763591819,
    "n": 46,
    "win": [
     10,
     35
    ]
   },
   "DEEP": {
    "r": 0.45066552367676727,
    "sem": 0.016726680317639187,
    "n": 280,
    "win": [
     50,
     192
    ]
   }
  }
 },
 "verdict": "LOW-MODE-ONLY: the dip reproduces in the LOW window (r~ = 0.3291) but the DEEP window relaxes to r~ = 0.3955 -- a boundary/low-mode effect.",
 "wall_s": 673.2
}