{
 "n_use": 1600,
 "n_strict": 1600,
 "per_class": {
  "S": [
   0.42500344905501797,
   0.009461392873529234,
   801
  ],
  "A": [
   0.43399453985983566,
   0.00971634106847071,
   773
  ]
 },
 "pooled": [
  0.4294190228746647,
  0.006779764600001419,
  1574
 ],
 "baseline": [
  0.39193722280991977,
  0.006984328871308582
 ],
 "thirds": [
  [
   0.4279222019967608,
   0.011522098508763701
  ],
  [
   0.4371940618820941,
   0.011896315948466903
  ],
  [
   0.42090188486307095,
   0.011795988764307533
  ]
 ],
 "amplitude_sigma": 3.850701598607613,
 "verdict": "SUPPORTS (sector intermediate, consistent with the published COMSOL sector result and the corner-driver reading)"
}