{
 "config": {
  "a": 1.0,
  "b": 0.6177017291400357,
  "nu": 0.33,
  "nleg": 160,
  "ngrid": 1200,
  "mbasis": 96,
  "ladder": [
   256,
   512,
   1024,
   2048
  ],
  "qs": [
   1.5,
   2.0,
   4.0
  ],
  "win": [
   0.4,
   0.6
  ],
  "sectors": [
   "ee",
   "oo"
  ],
  "n_goe_real": 6,
  "seed": 12345
 },
 "sectors": {
  "ee": [
   {
    "N": 256,
    "n_rigid": 1,
    "n_window": 51,
    "sin": {
     "1.5": -1.1950098290282638,
     "2": -2.0930475903275347,
     "4": -4.991834352874913
    },
    "sin_captured": 0.8195668612622259,
    "beam": {
     "1.5": -0.7876630745428675,
     "2": -1.4140358393729517,
     "4": -3.5204937280039283
    },
    "beam_captured": 0.9926046312959991
   },
   {
    "N": 512,
    "n_rigid": 1,
    "n_window": 102,
    "sin": {
     "1.5": -1.3397323776406393,
     "2": -2.3584427886670727,
     "4": -5.6960941098931075
    },
    "sin_captured": 0.8701852972454946,
    "beam": {
     "1.5": -0.9534027441725337,
     "2": -1.7239258471413166,
     "4": -4.361541363027742
    },
    "beam_captured": 0.9947691618760169
   },
   {
    "N": 1024,
    "n_rigid": 1,
    "n_window": 204,
    "sin": {
     "1.5": -1.5211830246472777,
     "2": -2.706961549793693,
     "4": -6.621610101296513
    },
    "sin_captured": 0.9072000315959918,
    "beam": {
     "1.5": -1.1457134842484367,
     "2": -2.086498279743183,
     "4": -5.318875176273345
    },
    "beam_captured": 0.9963666892470556
   },
   {
    "N": 2048,
    "n_rigid": 1,
    "n_window": 410,
    "sin": {
     "1.5": -1.648975186959134,
     "2": -2.9528333429820335,
     "4": -7.292095742066986
    },
    "sin_captured": 0.9332052099445255,
    "beam": {
     "1.5": -1.2934208408045935,
     "2": -2.357429372816387,
     "4": -6.018965785642444
    },
    "beam_captured": 0.9973235500269926
   }
  ]
 }
}