{
 "n_use": 400,
 "rows": [
  {
   "kappa": 0.0,
   "per_sector": {
    "ee": [
     0.4669385328977452,
     0.026784550840428935,
     94
    ],
    "eo": [
     0.44606611037142874,
     0.027829684154980015,
     86
    ],
    "oe": [
     0.4760323591820646,
     0.02673119075817365,
     88
    ],
    "oo": [
     0.44762369290959675,
     0.02729307124314604,
     84
    ]
   },
   "pooled": [
    0.4595032539680645,
    0.013598858352720586,
    352
   ],
   "low": [
    0.4225380971055312,
    0.018891354707841472,
    172
   ],
   "high": [
    0.49186579645890005,
    0.01975948552737921,
    172
   ],
   "counts": {
    "ee": 106,
    "eo": 98,
    "oe": 100,
    "oo": 96,
    "xx": 0
   },
   "min_quality": 0.9969167662750837
  },
  {
   "kappa": 100.0,
   "per_sector": {
    "ee": [
     0.4680617056187255,
     0.027041440658287008,
     93
    ],
    "eo": [
     0.44618213345645225,
     0.027853107898549216,
     86
    ],
    "oe": [
     0.47877621222179556,
     0.026576596736832242,
     89
    ],
    "oo": [
     0.4475778011860784,
     0.027299315153774203,
     84
    ]
   },
   "pooled": [
    0.46053698945217825,
    0.01361924945759818,
    352
   ],
   "low": [
    0.4284530700867453,
    0.019232063967151113,
    171
   ],
   "high": [
    0.49297306611328945,
    0.019731651168064995,
    173
   ],
   "counts": {
    "ee": 105,
    "eo": 98,
    "oe": 101,
    "oo": 96,
    "xx": 0
   },
   "min_quality": 0.9836382347221556
  },
  {
   "kappa": 300.0,
   "per_sector": {
    "ee": [
     0.46763463499329844,
     0.027009811382448314,
     93
    ],
    "eo": [
     0.4462449168764183,
     0.027871157096213614,
     86
    ],
    "oe": [
     0.47858246864664944,
     0.02656844227876244,
     89
    ],
    "oo": [
     0.4474935482149136,
     0.027312407328378176,
     84
    ]
   },
   "pooled": [
    0.46037040245838995,
    0.01361719824726034,
    352
   ],
   "low": [
    0.42805489634435134,
    0.019216922881440314,
    171
   ],
   "high": [
    0.4930096951616691,
    0.019736313532279514,
    173
   ],
   "counts": {
    "ee": 105,
    "eo": 98,
    "oe": 101,
    "oo": 96,
    "xx": 0
   },
   "min_quality": 0.9974460984359658
  },
  {
   "kappa": 1000.0,
   "per_sector": {
    "ee": [
     0.4662810997989413,
     0.02690949342796625,
     93
    ],
    "eo": [
     0.446432623236613,
     0.02793366043284246,
     86
    ],
    "oe": [
     0.47803986746128124,
     0.026569987603085415,
     89
    ],
    "oo": [
     0.4472769064451261,
     0.02736421775020399,
     84
    ]
   },
   "pooled": [
    0.45986976200311047,
    0.013616070025069997,
    352
   ],
   "low": [
    0.42682706714144003,
    0.019181569384183552,
    171
   ],
   "high": [
    0.49314342571397995,
    0.019754343759820932,
    173
   ],
   "counts": {
    "ee": 105,
    "eo": 98,
    "oe": 101,
    "oo": 96,
    "xx": 0
   },
   "min_quality": 0.9995766905510398
  },
  {
   "kappa": 3000.0,
   "per_sector": {
    "ee": [
     0.46387860409954085,
     0.026799192028402894,
     93
    ],
    "eo": [
     0.4468222788658294,
     0.02810445948582603,
     86
    ],
    "oe": [
     0.4779823679276808,
     0.026898681913291887,
     89
    ],
    "oo": [
     0.44679076269699797,
     0.02743933278325616,
     84
    ]
   },
   "pooled": [
    0.45919966186315353,
    0.013670875994411826,
    352
   ],
   "low": [
    0.4250902788499926,
    0.01929541399756555,
    171
   ],
   "high": [
    0.49333598723408856,
    0.019785325281991974,
    173
   ],
   "counts": {
    "ee": 105,
    "eo": 98,
    "oe": 101,
    "oo": 96,
    "xx": 0
   },
   "min_quality": 0.9999088019626318
  },
  {
   "kappa": 10000.0,
   "per_sector": {
    "ee": [
     0.45829806599791406,
     0.026391076216673345,
     93
    ],
    "eo": [
     0.4481033718911466,
     0.02809898682754714,
     86
    ],
    "oe": [
     0.47145268552989256,
     0.027515096992079335,
     89
    ],
    "oo": [
     0.4490659416544954,
     0.027539531616364615,
     84
    ]
   },
   "pooled": [
    0.45693022224881436,
    0.013696185814007143,
    352
   ],
   "low": [
    0.4199829169250499,
    0.01922365148698077,
    171
   ],
   "high": [
    0.4933529063407897,
    0.01987710153468282,
    173
   ],
   "counts": {
    "ee": 105,
    "eo": 98,
    "oe": 101,
    "oo": 96,
    "xx": 0
   },
   "min_quality": 0.9964651114628477
  },
  {
   "kappa": 30000.0,
   "per_sector": {
    "ee": [
     0.44827436596232423,
     0.02505402541596555,
     93
    ],
    "eo": [
     0.4355599935923266,
     0.02872104586689346,
     86
    ],
    "oe": [
     0.4782406319592326,
     0.029387540612139704,
     89
    ],
    "oo": [
     0.4730028626667131,
     0.02905414766495444,
     84
    ]
   },
   "pooled": [
    0.4586458300903745,
    0.01404293216666975,
    352
   ],
   "low": [
    0.42519066823176943,
    0.019571936039021732,
    171
   ],
   "high": [
    0.49107745619455623,
    0.020596623898470265,
    173
   ],
   "counts": {
    "ee": 105,
    "eo": 98,
    "oe": 101,
    "oo": 96,
    "xx": 0
   },
   "min_quality": 0.9990169699630105
  },
  {
   "kappa": 100000.0,
   "per_sector": {
    "ee": [
     0.4111574177693971,
     0.025734655586294692,
     93
    ],
    "eo": [
     0.4384576932447842,
     0.028771243810852273,
     86
    ],
    "oe": [
     0.4536561640874101,
     0.03043773431197634,
     89
    ],
    "oo": [
     0.42087124355645855,
     0.027560029261234378,
     84
    ]
   },
   "pooled": [
    0.4308908651537711,
    0.014103007224354262,
    352
   ],
   "low": [
    0.4072822325022099,
    0.019939045907840295,
    171
   ],
   "high": [
    0.4553032179620601,
    0.020242216173884806,
    173
   ],
   "counts": {
    "ee": 105,
    "eo": 98,
    "oe": 101,
    "oo": 96,
    "xx": 0
   },
   "min_quality": 0.9929845085210324
  },
  {
   "kappa": 300000.0,
   "per_sector": {
    "ee": [
     0.4571234878852408,
     0.027434853750406957,
     94
    ],
    "eo": [
     0.42059286690840464,
     0.027734436108238007,
     86
    ],
    "oe": [
     0.4094799418648139,
     0.029410364915174972,
     89
    ],
    "oo": [
     0.4514913382470318,
     0.030209817709856153,
     83
    ]
   },
   "pooled": [
    0.4348241202153622,
    0.014380314680098195,
    352
   ],
   "low": [
    0.42210361990097406,
    0.02115359194921678,
    171
   ],
   "high": [
    0.4427563403771477,
    0.019719263095633054,
    173
   ],
   "counts": {
    "ee": 106,
    "eo": 98,
    "oe": 101,
    "oo": 95,
    "xx": 0
   },
   "min_quality": 0.9884585959805788
  },
  {
   "kappa": 1000000.0,
   "per_sector": {
    "ee": [
     0.42922971377846725,
     0.028357176748023308,
     93
    ],
    "eo": [
     0.3742070627233676,
     0.028617992151109863,
     87
    ],
    "oe": [
     0.36232268179191807,
     0.03254320213800897,
     89
    ],
    "oo": [
     0.41637051466819947,
     0.03234502859725576,
     83
    ]
   },
   "pooled": [
    0.395681389872931,
    0.01530648927764753,
    352
   ],
   "low": [
    0.3914304545792643,
    0.021934521032613164,
    170
   ],
   "high": [
    0.40648268072011196,
    0.02156757051154912,
    174
   ],
   "counts": {
    "ee": 105,
    "eo": 99,
    "oe": 101,
    "oo": 95,
    "xx": 0
   },
   "min_quality": 0.974407923520484
  },
  {
   "kappa": 3000000.0,
   "per_sector": {
    "ee": [
     0.476538737655937,
     0.02825121108031414,
     94
    ],
    "eo": [
     0.4012002959526974,
     0.03039432290183873,
     86
    ],
    "oe": [
     0.43755743688592985,
     0.027952711046418156,
     89
    ],
    "oo": [
     0.42708547804708136,
     0.03301004553185263,
     83
    ]
   },
   "pooled": [
    0.4366152652055272,
    0.014991259239254632,
    352
   ],
   "low": [
    0.4037073811216148,
    0.02183297729524749,
    171
   ],
   "high": [
    0.47600787625479013,
    0.020602577477653417,
    173
   ],
   "counts": {
    "ee": 106,
    "eo": 98,
    "oe": 101,
    "oo": 95,