{
 "config": {
  "a": 1.0,
  "b": 0.6177017291400357,
  "mesh": [
   96,
   60
  ],
  "n_modes": 800,
  "nus": [
   0.25,
   0.3,
   0.33,
   0.36
  ],
  "nu_protA": 0.33,
  "kappa": 10000000000.0
 },
 "runs": {
  "protA_mixed": {
   "n_rigid": 0,
   "per_sector": {
    "ee": [
     0.3759274959873634,
     0.019855307131302943,
     198
    ],
    "eo": [
     0.399427850655086,
     0.020786973802283757,
     186
    ],
    "oe": [
     0.38246604870734435,
     0.01946305484047156,
     189
    ],
    "oo": [
     0.4343123427724461,
     0.022023809521157355,
     179
    ]
   },
   "pooled": [
    0.39728087365598397,
    0.010288067924314744
   ],
   "counts": {
    "ee": 210,
    "eo": 198,
    "oe": 201,
    "oo": 191,
    "xx": 0
   },
   "min_quality": 0.9861671872512009,
   "wall_s": 435.9
  },
  "nu0.25": {
   "per_sector": {
    "ee": [
     0.42520825810570717,
     0.017927308330941725,
     197
    ],
    "eo": [
     0.3780702215605116,
     0.0184311472194854,
     184
    ],
    "oe": [
     0.4574992015401843,
     0.019291127464136658,
     191
    ],
    "oo": [
     0.42053012610664336,
     0.01898522286832578,
     180
    ]
   },
   "pooled": [
    0.42075627367995944,
    0.009386589009585777
   ],
   "n_rigid": 3,
   "min_quality": 0.9841551006971414,
   "wall_s": 456.3
  },
  "nu0.3": {
   "per_sector": {
    "ee": [
     0.4390697269120766,
     0.018018565598800145,
     197
    ],
    "eo": [
     0.389455430458242,
     0.01881451096075396,
     184
    ],
    "oe": [
     0.4638948693795439,
     0.019278578827780994,
     191
    ],
    "oo": [
     0.45103700414814274,
     0.01942975399596796,
     180
    ]
   },
   "pooled": [
    0.436099888569354,
    0.009493279845278734
   ],
   "n_rigid": 3,
   "min_quality": 0.9822993356115656,
   "wall_s": 455.6
  },
  "nu0.33": {
   "per_sector": {
    "ee": [
     0.4478555449132766,
     0.018371399152312434,
     197
    ],
    "eo": [
     0.3934667314524693,
     0.019364238844037474,
     184
    ],
    "oe": [
     0.46545622898853506,
     0.018405681898485276,
     191
    ],
    "oo": [
     0.46125935225026654,
     0.01994666627370277,
     180
    ]
   },
   "pooled": [
    0.44222638840030315,
    0.009557373969478939
   ],
   "n_rigid": 3,
   "min_quality": 0.9882582340281545,
   "wall_s": 458.2
  },
  "nu0.36": {
   "per_sector": {
    "ee": [
     0.4584573126111822,
     0.018381468118403108,
     197
    ],
    "eo": [
     0.40145838383014537,
     0.0194788767125593,
     184
    ],
    "oe": [
     0.47195047826698816,
     0.018728561926285536,
     191
    ],
    "oo": [
     0.4660208492048838,
     0.019810192599737885,
     180
    ]
   },
   "pooled": [
    0.449748307732744,
    0.009594360577265544
   ],
   "n_rigid": 3,
   "min_quality": 0.9536821991717568,
   "wall_s": 461.9
  }
 },
 "wall_time_s": 2282.0
}