{
 "n_use": 1600,
 "disk_control": [
  0.3905428942433234,
  0.007253381944274898,
  1458
 ],
 "disk_baseline": [
  0.3911548827668138,
  0.007046165564555966,
  1548
 ],
 "ellipse_per_sector": {
  "ee": [
   0.38400838738937126,
   0.01343741496951258,
   401
  ],
  "eo": [
   0.3689386472768436,
   0.014645301603493529,
   385
  ],
  "oe": [
   0.3683869902102429,
   0.014148454318454082,
   390
  ],
  "oo": [
   0.3710389802941006,
   0.014177903370651017,
   374
  ]
 },
 "ellipse_pooled": [
  0.3732053208752975,
  0.007051338507980145,
  1550
 ],
 "amplitude_sigma": -1.8006387532200385,
 "per_sector_sigma": {
  "ee": -0.47100834349469844,
  "eo": -1.3669696894121801,
  "oe": -1.440465845806672,
  "oo": -1.2705618084400039
 },
 "g1s_pass": {
  "5": true,
  "6": true
 },
 "verdict": "CHALLENGES (ellipse consistent with the separable control)"
}