{
 "config": {
  "seeds": [
   7,
   17,
   27,
   37
  ],
  "gstar": [
   16.0,
   4.0
  ],
  "n_base": 1200,
  "base_reps": 24
 },
 "baselines": {
  "Poisson2D": {
   "r": 0.6665001985292904,
   "r_se": 0.0020067549027909483,
   "c": -0.010116172127959755,
   "c_se": 0.007054036298526278
  },
  "GinUE": {
   "r": 0.7402621441710814,
   "r_se": 0.0018973933779868528,
   "c": 0.24836272496527348,
   "c_se": 0.0055993534913855916
  },
  "AI_dagger": {
   "r": 0.7242423110586204,
   "r_se": 0.0018816947636580872,
   "c": 0.20568891201142225,
   "c_se": 0.004420062403318161
  }
 },
 "marks": {
  "g16": [
   0.7134128749061149,
   0.11744439927526788,
   2214
  ],
  "g4": [
   0.6588679484319616,
   -0.039407655474680836,
   2339
  ]
 },
 "verdict": "UNRESOLVED (d_AI/se = 6.0, d_Gin/se = 9.0); registered next = physical-damping refinement, not more statistics",
 "wall_time_s": 3311.2
}