{
 "config": {
  "seeds": [
   7,
   17
  ],
  "gstar": [
   32.0,
   64.0
  ],
  "n_patches": 96
 },
 "baselines": {
  "Poisson2D": {
   "r": 0.6657839126684075,
   "r_se": 0.002432079901192262,
   "c": -0.010729996042547901,
   "c_se": 0.005804966499381831
  },
  "GinUE": {
   "r": 0.7407989349186347,
   "r_se": 0.0021646004139193945,
   "c": 0.2407464512149753,
   "c_se": 0.006250331252173895
  },
  "AI_dagger": {
   "r": 0.7224023980289161,
   "r_se": 0.0021383634255080926,
   "c": 0.19942280888589703,
   "c_se": 0.006110095739136149
  }
 },
 "marks": {
  "g32": [
   0.71119205797078,
   0.14834830659018164,
   1037
  ],
  "g64": [
   0.7063828041304829,
   0.15655138504172048,
   909
  ]
 },
 "verdict": "SATURATED BETWEEN (d_AI/se = 2.0, d_Gin/se = 3.9) -- the stationary point is not a canonical ensemble; physical-damping model question, registered."
}