{
 "n_use": 800,
 "n_strict": 800,
 "per_class": {
  "S": [
   0.41679870283577564,
   0.013228376141126185,
   398
  ],
  "A": [
   0.42594618740110857,
   0.013729817507571693,
   378
  ]
 },
 "pooled": [
  0.4212545651627032,
  0.009528250593360682,
  776
 ],
 "baseline": [
  0.3971630138149325,
  0.009982637876756777
 ],
 "thirds": [
  [
   0.4385648117082272,
   0.016503306744015553
  ],
  [
   0.41660983157267645,
   0.016444720540503305
  ],
  [
   0.40778164971384956,
   0.016790462434652185
  ]
 ],
 "amplitude_sigma": 1.7457617562236614,
 "verdict": "AMBIGUOUS (below preregistered threshold)"
}