{
 "config": {
  "a": 1.0,
  "b": 0.6177017291400357,
  "nu": 0.33,
  "mesh": [
   96,
   60
  ],
  "n_modes": 1203,
  "n_per_sector": 295,
  "patch_center": [
   0.2231,
   0.1372
  ],
  "patch_radius": 0.06,
  "patch_npts": 200,
  "n_patches": 24,
  "gammas": [
   2.0,
   4.0,
   8.0,
   16.0
  ],
  "rayleigh": [
   0.002,
   0.0002
  ],
  "seed": 7,
  "n_baseline": 1200,
  "baseline_reps": 6
 },
 "baselines": {
  "Poisson2D": {
   "r": 0.6626570133078169,
   "r_se": 0.0031614172240447395,
   "c": -0.022671450333696025,
   "c_se": 0.01695142726189184
  },
  "GinUE": {
   "r": 0.733567276129573,
   "r_se": 0.0022411234877798567,
   "c": 0.2523480408983761,
   "c_se": 0.007615321576401546
  },
  "AI_dagger": {
   "r": 0.7242254536751432,
   "r_se": 0.00481802453534433,
   "c": 0.21049443457107198,
   "c_se": 0.012412653730168144
  }
 },
 "cases": {
  "ee": {
   "commutator": 0.035277805280933286,
   "runs": {
    "g2": {
     "c0": 32.62021565603543,
     "pairing_err": 0.0,
     "r": 0.6066547466048354,
     "c": 0.05102552570485646,
     "n": 151
    },
    "g4": {
     "c0": 65.24043131207085,
     "pairing_err": 0.0,
     "r": 0.671748406765712,
     "c": 0.012253873174354458,
     "n": 147
    },
    "g8": {
     "c0": 130.4808626241417,
     "pairing_err": 0.0,
     "r": 0.6947375652789388,
     "c": 0.022132615918943024,
     "n": 142
    },
    "g16": {
     "c0": 260.9617252482834,
     "pairing_err": 0.0,
     "r": 0.7153558267648206,
     "c": 0.14620294285284144,
     "n": 138
    }
   },
   "point_g4": {
    "r": 0.684508492441232,
    "c": 0.06325473932915843,
    "n": 147
   },
   "rayleigh": {
    "r": 0.5663069465102389,
    "c": 0.15121950958934588,
    "n": 205,
    "pairing_err": 0.0
   }
  },
  "eo": {
   "commutator": 0.035164080064952814,
   "runs": {
    "g2": {
     "c0": 33.58261840585153,
     "pairing_err": 0.0,
     "r": 0.6009995927475935,
     "c": -0.13448551883771978,
     "n": 143
    },
    "g4": {
     "c0": 67.16523681170305,
     "pairing_err": 0.0,
     "r": 0.6355676312275637,
     "c": -0.08244611380643148,
     "n": 144
    },
    "g8": {
     "c0": 134.3304736234061,
     "pairing_err": 0.0,
     "r": 0.7008494478680478,
     "c": 0.045395325956281284,
     "n": 143
    },
    "g16": {
     "c0": 268.6609472468122,
     "pairing_err": 0.0,
     "r": 0.7145363608266488,
     "c": 0.15181931442658855,
     "n": 140
    }
   },
   "point_g4": {
    "r": 0.6926270282825636,
    "c": 0.018850640398972718,
    "n": 143
   },
   "rayleigh": {
    "r": 0.5216254737976289,
    "c": -0.034146342865231986,
    "n": 205,
    "pairing_err": 0.0
   }
  },
  "oe": {
   "commutator": 0.03544185203539066,
   "runs": {
    "g2": {
     "c0": 33.15089563153658,
     "pairing_err": 0.0,
     "r": 0.6321907627778038,
     "c": -0.003735076628508092,
     "n": 151
    },
    "g4": {
     "c0": 66.30179126307316,
     "pairing_err": 0.0,
     "r": 0.6615674017495561,
     "c": -0.15497465463523613,
     "n": 150
    },
    "g8": {
     "c0": 132.6035825261463,
     "pairing_err": 0.0,
     "r": 0.6721050991626387,
     "c": 0.029200984007991364,
     "n": 153
    },
    "g16": {
     "c0": 265.2071650522926,
     "pairing_err": 0.0,
     "r": 0.6894661943597393,
     "c": 0.11963706765848667,
     "n": 138
    }
   },
   "point_g4": {
    "r": 0.7289270939311541,
    "c": -0.008066823945615273,
    "n": 142
   },
   "rayleigh": {
    "r": 0.5459995279452281,
    "c": 0.0829268271536129,
    "n": 205,
    "pairing_err": 0.0
   }
  },
  "oo": {
   "commutator": 0.03580006237106238,
   "runs": {
    "g2": {
     "c0": 33.77916346849655,
     "pairing_err": 0.0,
     "r": 0.6158879571712254,
     "c": -0.09648936673402952,
     "n": 142
    },
    "g4": {
     "c0": 67.5583269369931,
     "pairing_err": 0.0,
     "r": 0.688165610433239,
     "c": -0.049623515340094425,
     "n": 143
    },
    "g8": {
     "c0": 135.1166538739862,
     "pairing_err": 0.0,
     "r": 0.731132925734506,
     "c": 0.03585249813838511,
     "n": 139
    },
    "g16": {
     "c0": 270.2333077479724,
     "pairing_err": 0.0,
     "r": 0.6977557673361076,
     "c": 0.04813959094904276,
     "n": 136
    }
   },
   "point_g4": {
    "r": 0.7199712285448479,
    "c": -0.008122165476008516,
    "n": 140
   },
   "rayleigh": {
    "r": 0.5709879979323421,
    "c": 0.04950494850711937,
    "n": 202,
    "pairing_err": 0.0
   }
  }
 },
 "pooled": {
  "g2": [
   0.6140795631993159,
   -0.043938775910557955,
   587
  ],
  "g4": [
   0.6642321014481428,
   -0.06920082520618998,
   584
  ],
  "g8": [
   0.699018651930191,
   0.03307731519358118,
   577
  ],
  "g16": [
   0.7043393365736065,
   0.11682538014375994,
   552
  ]
 },
 "verdict": "CHALLENGES (Poisson-like: no 2D repulsion at these widths)",
 "wall_time_s": 1335.0
}