{
 "config": {
  "a": 1.0,
  "b": 0.6177017291400357,
  "nu": 0.33,
  "mesh": [
   96,
   60
  ],
  "n_modes": 1203,
  "n_per_sector": 295,
  "patch_center": [
   0.2231,
   0.1372
  ],
  "patch_radius": 0.06,
  "patch_npts": 200,
  "gammas": [
   0.5,
   1.0,
   2.0
  ],
  "rayleigh": [
   0.002,
   0.0002
  ],
  "seed": 7,
  "n_baseline": 1200,
  "baseline_reps": 6
 },
 "baselines": {
  "Poisson2D": {
   "r": 0.6626570133078169,
   "r_se": 0.0031614172240447395,
   "c": -0.022671450333696025,
   "c_se": 0.01695142726189184
  },
  "GinUE": {
   "r": 0.733567276129573,
   "r_se": 0.0022411234877798567,
   "c": 0.2523480408983761,
   "c_se": 0.007615321576401546
  },
  "AI_dagger": {
   "r": 0.7242254536751432,
   "r_se": 0.00481802453534433,
   "c": 0.21049443457107198,
   "c_se": 0.012412653730168144
  }
 },
 "cases": {
  "ee": {
   "commutator": 0.03226522128885572,
   "runs": {
    "g0.5": {
     "c0": 12.250449453340092,
     "pairing_err": 0.0,
     "r": 0.6095107950520195,
     "c": 0.16274955335666533,
     "n": 150
    },
    "g1": {
     "c0": 24.500898906680185,
     "pairing_err": 0.0,
     "r": 0.6347577559032969,
     "c": 0.03862218479488952,
     "n": 147
    },
    "g2": {
     "c0": 49.00179781336037,
     "pairing_err": 0.0,
     "r": 0.669214861964735,
     "c": -0.02882602521220416,
     "n": 146
    }
   },
   "rayleigh": {
    "r": 0.5663069124675191,
    "c": 0.15121950958934585,
    "n": 205,
    "pairing_err": 0.0
   }
  },
  "eo": {
   "commutator": 0.031600326281098746,
   "runs": {
    "g0.5": {
     "c0": 12.54425565146642,
     "pairing_err": 0.0,
     "r": 0.5478350352075054,
     "c": -0.06337099798490112,
     "n": 147
    },
    "g1": {
     "c0": 25.08851130293284,
     "pairing_err": 0.0,
     "r": 0.6015498015474023,
     "c": -0.2170965992517666,
     "n": 150
    },
    "g2": {
     "c0": 50.17702260586568,
     "pairing_err": 0.0,
     "r": 0.6769070540418294,
     "c": -0.13797693486444354,
     "n": 148
    }
   },
   "rayleigh": {
    "r": 0.5216252373243515,
    "c": -0.034146342865232146,
    "n": 205,
    "pairing_err": 0.0
   }
  },
  "oe": {
   "commutator": 0.03191211739771263,
   "runs": {
    "g0.5": {
     "c0": 12.538930129617746,
     "pairing_err": 0.0,
     "r": 0.5815188761882902,
     "c": 0.03724268460137205,
     "n": 145
    },
    "g1": {
     "c0": 25.077860259235493,
     "pairing_err": 0.0,
     "r": 0.6612283209203479,
     "c": -0.09801391591123704,
     "n": 147
    },
    "g2": {
     "c0": 50.155720518470986,
     "pairing_err": 0.0,
     "r": 0.7084103217672955,
     "c": -0.034001674561238156,
     "n": 146
    }
   },
   "rayleigh": {
    "r": 0.5459995277724732,
    "c": 0.08292682715361287,
    "n": 205,
    "pairing_err": 0.0
   }
  },
  "oo": {
   "commutator": 0.031711480234458404,
   "runs": {
    "g0.5": {
     "c0": 12.567748391568147,
     "pairing_err": 0.0,
     "r": 0.5888289416557653,
     "c": 0.014666888898383008,
     "n": 143
    },
    "g1": {
     "c0": 25.135496783136293,
     "pairing_err": 0.0,
     "r": 0.5836834386828674,
     "c": -0.09004992785114305,
     "n": 151
    },
    "g2": {
     "c0": 50.27099356627259,
     "pairing_err": 0.0,
     "r": 0.6537004012042075,
     "c": -0.04156514223970317,
     "n": 147
    }
   },
   "rayleigh": {
    "r": 0.5709883212537054,
    "c": 0.049504948507119444,
    "n": 202,
    "pairing_err": 0.0
   }
  }
 },
 "pooled": {
  "g0.5": [
   0.5820190515168936,
   0.03862299261433684,
   585
  ],
  "g1": [
   0.619964071876133,
   -0.09225649322250533,
   595
  ],
  "g2": [
   0.6770178531517644,
   -0.06082369069181702,
   587
  ]
 },
 "verdict": "CHALLENGES (Poisson-like: no 2D repulsion at these widths)",
 "wall_time_s": 1328.4
}