{
 "rectangle": {
  "ee": {
   "D2": -0.02289484022977444,
   "D2_se": 0.047404565041633644,
   "dq_gap": 0.06450185534757241,
   "ipr_last": 0.18400679072189707
  },
  "eo": {
   "D2": 0.14953049474691393,
   "D2_se": 0.03630435188525434,
   "dq_gap": 0.08064781454865312,
   "ipr_last": 0.16778079898686282
  },
  "oe": {
   "D2": 0.1796828725788612,
   "D2_se": 0.07317420316788364,
   "dq_gap": 0.07869571718510984,
   "ipr_last": 0.16145929994064442
  },
  "oo": {
   "D2": 0.004549086460362585,
   "D2_se": 0.09321506447728474,
   "dq_gap": 0.0437252312779258,
   "ipr_last": 0.18056887266382976
  }
 },
 "triangle": {
  "A1": {
   "D2": 0.27249890051787373,
   "D2_se": 0.021903685085273652,
   "dq_gap": 0.1422869738901036,
   "ipr_last": 0.11306005776039958
  },
  "E": {
   "D2": 0.3613474359213963,
   "D2_se": 0.029222545976107628,
   "dq_gap": 0.25525004466211143,
   "ipr_last": 0.0907853346941566
  }
 },
 "ellipse": {
  "ee": {
   "D2": 0.019243319328277487,
   "D2_se": 0.03194608956537764,
   "dq_gap": 0.031770058515970014,
   "ipr_last": 0.3961688701830969
  },
  "eo": {
   "D2": 0.03419742390260728,
   "D2_se": 0.009844119947465377,
   "dq_gap": 0.03649345388978793,
   "ipr_last": 0.3900552006868908
  },
  "oe": {
   "D2": 0.025380620547605547,
   "D2_se": 0.028138996731421558,
   "dq_gap": 0.013363619027601217,
   "ipr_last": 0.3690304716557764
  },
  "oo": {
   "D2": 0.034202614266691446,
   "D2_se": 0.03719479543177877,
   "dq_gap": 0.03977531679581929,
   "ipr_last": 0.3987516887015597
  }
 },
 "superellipse10": {
  "ee": {
   "D2": 0.4287333258647816,
   "D2_se": 0.09653383011541206,
   "dq_gap": 0.09885272727823274,
   "ipr_last": 0.12999038736959043
  },
  "eo": {
   "D2": 0.5005876091794462,
   "D2_se": 0.22791018357127996,
   "dq_gap": 0.09188271793655473,
   "ipr_last": 0.11808640704267338
  },
  "oe": {
   "D2": 0.2227156592338917,
   "D2_se": 0.08069853817127755,
   "dq_gap": 0.15145163150072208,
   "ipr_last": 0.1356516898106635
  },
  "oo": {
   "D2": 0.228664160422429,
   "D2_se": 0.28137001272244067,
   "dq_gap": 0.1359037474261184,
   "ipr_last": 0.12242831019470717
  }
 }
}