{
 "A1": {
  "Ns": [
   128,
   256
  ],
  "Dq": {
   "1.5": 0.30020708360104237,
   "2.0": 0.2495076957851718,
   "4.0": 0.1975594988461152
  },
  "spread": 0.10264758475492716,
  "cls": "between bands"
 },
 "A2": {
  "Ns": [
   128,
   256
  ],
  "Dq": {
   "1.5": 0.18542833415406687,
   "2.0": 0.14702638665368833,
   "4.0": 0.10468148336835946
  },
  "spread": 0.08074685078570741,
  "cls": "flat/RP-like"
 },
 "E": {
  "Ns": [
   128,
   256,
   512,
   1024
  ],
  "Dq": {
   "1.5": 0.20050306178672742,
   "2.0": 0.12307245577211823,
   "4.0": 0.04181938689366887
  },
  "spread": 0.15868367489305854,
  "cls": "between bands"
 }
}