{
 "D2": {
  "sine": {
   "ee": {
    "ladder": 0.034040667871534085,
    "se": 0.03121053191023557,
    "fixedN": 0.4958926764719922
   },
   "eo": {
    "ladder": 0.10651369752186546,
    "se": 0.04490645784827775,
    "fixedN": 0.4981421270734545
   },
   "oe": {
    "ladder": 0.12033113158648123,
    "se": 0.04525467460328031,
    "fixedN": 0.48811818791224004
   },
   "oo": {
    "ladder": 0.027598852360258126,
    "se": 0.027726834487178133,
    "fixedN": 0.5001021811986638
   }
  },
  "beam": {
   "ee": {
    "ladder": 0.04701731971828084,
    "se": 0.044794075114913054,
    "fixedN": 0.2610074521022421
   },
   "eo": {
    "ladder": 0.124511139687676,
    "se": 0.04301497578822752,
    "fixedN": 0.2591859575364468
   },
   "oe": {
    "ladder": 0.13079305908599603,
    "se": 0.047863497125516186,
    "fixedN": 0.24561208098536713
   },
   "oo": {
    "ladder": 0.022583381874885115,
    "se": 0.0496827511447737,
    "fixedN": 0.25513281893617656
   }
  }
 },
 "sigma2": {
  "ee": [
   0.6963999999999999,
   1.2696,
   1.984775,
   2.0884,
   2.460775,
   2.703775,
   3.110775,
   3.1537750000000004,
   3.1591000000000005,
   3.4019750000000006,
   3.1599,
   3.2707750000000004,
   3.1919750000000007,
   3.2384000000000004,
   3.15,
   2.9299,
   2.77,
   2.722975,
   2.7447750000000006,
   2.8299000000000003
  ],
  "eo": [
   0.9537749999999999,
   1.4175,
   1.8598999999999999,
   2.294975,
   2.6584000000000003,
   2.94,
   3.023774999999999,
   3.1290999999999998,
   3.1775,
   3.2396,
   3.1599,
   3.1229750000000003,
   2.9199,
   2.6791,
   2.6591000000000005,
   2.5291,
   2.6547750000000003,
   2.3449750000000007,
   2.4999000000000002,
   2.664375
  ],
  "oe": [
   0.7983999999999999,
   1.5696,
   2.0395999999999996,
   2.4075,
   2.7551,
   3.0699,
   3.1335999999999995,
   3.4290999999999996,
   3.134975,
   2.8396,
   2.9549750000000006,
   3.0449750000000004,
   2.6499,
   2.8229749999999996,
   2.9391,
   2.6191000000000004,
   2.714975000000001,
   2.6849750000000006,
   2.334975,
   2.5547750000000002
  ],
  "oo": [
   0.789375,
   1.3799000000000001,
   1.8747750000000003,
   2.043775,
   2.364975,
   2.3399,
   1.97,
   2.2047749999999997,
   2.244375,
   2.4449750000000003,
   2.334975,
   2.3699,
   2.4084,
   2.4247750000000003,
   2.22,
   2.3450999999999995,
   2.3964,
   2.2847750000000007,
   2.4299,
   2.2064
  ]
 },
 "verdict": "LOCALIZED/BANDED-LEANING (IPR ~ N-independent)"
}