{
 "master": {
  "alpha": [
   0.0,
   0.004330127018922192,
   0.008660254037844385,
   0.012990381056766578,
   0.01732050807568877,
   0.02309401076758503,
   0.028867513459481284,
   0.03752776749732567,
   0.04907477288111818,
   0.06350852961085883,
   0.08660254037844385,
   0.12990381056766578
  ],
  "r": [
   0.5331335164312827,
   0.5381364459344091,
   0.5488529918817489,
   0.5568345782834827,
   0.572583600483543,
   0.5918348214344865,
   0.588152278507006,
   0.5913234930164345,
   0.597995556722385,
   0.6040841390299887,
   0.6085617891422097,
   0.6042536618833608
  ]
 },
 "fits": {
  "bare (E15c)": {
   "c": 0.03809252037441318,
   "rms": 0.0014888478765680054,
   "ok": true
  },
  "linear prestress (E15c)": {
   "c": 0.0628905386577652,
   "rms": 0.005572103431647428,
   "ok": true
  },
  "SVK (E15d)": {
   "c": 0.03533278474620723,
   "rms": 0.008335884821925378,
   "ok": true
  }
 },
 "verdict": "UNIVERSAL-COLLAPSE: all three sweeps sit on the Pandey-Mehta one-parameter family within twice their sem -- the mechanical crossover follows the universal GOE->GUE law, not merely its endpoints."
}