{
 "rotors": {
  "aluminum_lab_R0.15m": {
   "c0": 5355.246196833635,
   "rows": [
    {
     "rpm": 3000.0,
     "Om_nd": 0.008799574860201491,
     "rim": 65.5022068273472,
     "f_star_hz": NaN,
     "n_below": -1,
     "r_top": 0.5305811056476077,
     "prestress_top": 6.923325277118326e-08,
     "centers": [
      10.199205894008823,
      14.43076415764537,
      17.741563709613438,
      20.583386707784804,
      23.145163389975572,
      25.442164478472343,
      27.61920185673513,
      29.673998110191278,
      31.610756598982434,
      33.44293017329022
     ],
     "rs": [
      0.5368856277377357,
      0.5284077714645886,
      0.5168221818157283,
      0.5195843329336766,
      0.5048809842772249,
      0.4930163874864083,
      0.5100652264258934,
      0.5333822424897953,
      0.5403525176867758,
      0.5180085567662521
     ]
    },
    {
     "rpm": 12000.0,
     "Om_nd": 0.035198299440805964,
     "rim": 262.0088273093888,
     "f_star_hz": NaN,
     "n_below": -1,
     "r_top": 0.5307794963784624,
     "prestress_top": 1.107729841278182e-06,
     "centers": [
      10.199323419842678,
      14.43076179738041,
      17.74156713347896,
      20.583378803400393,
      23.145189244163106,
      25.442204232446656,
      27.61923723753709,
      29.67402538605124,
      31.61079154339445,
      33.442963429038805
     ],
     "rs": [
      0.5379616130424864,
      0.5289385753580631,
      0.517398979895262,
      0.5199394157385621,
      0.5053796362501136,
      0.4937357918006032,
      0.5103296804883184,
      0.5334543983840152,
      0.5406267075460305,
      0.5182573832053416
     ]
    },
    {
     "rpm": 30000.0,
     "Om_nd": 0.08799574860201491,
     "rim": 655.0220682734719,
     "f_star_hz": NaN,
     "n_below": -1,
     "r_top": 0.5318998732360868,
     "prestress_top": 6.923234394431098e-06,
     "centers": [
      10.199980260716117,
      14.430747943349989,
      17.74158657293124,
      20.583334875097986,
      23.145334344115252,
      25.4424269388346,
      27.61943529469422,
      29.67417801089622,
      31.610986875471994,
      33.44314967859765
     ],
     "rs": [
      0.5435129398366924,
      0.5317205880849057,
      0.5204169430722919,
      0.5219254020979675,
      0.5078421836556871,
      0.49741633067008184,
      0.5118217621353987,
      0.53388231772878,
      0.5421711978729647,
      0.5196461041065158
     ]
    },
    {
     "rpm": 100000.0,
     "Om_nd": 0.2933191620067163,
     "rim": 2183.406894244906,
     "f_star_hz": 58001.19301194008,
     "n_below": 110,
     "r_top": 0.5411340379556965,
     "prestress_top": 7.691451091084919e-05,
     "centers": [
      10.207716797791246,
      14.43049671067072,
      17.741853997129812,
      20.58284991289215,
      23.147124274224755,
      25.445119325315357,
      27.62180884141199,
      29.67600006970251,
      31.613293790949143,
      33.44539228357419
     ],
     "rs": [
      0.5830958576696353,
      0.5569118080050033,
      0.5451191103633763,
      0.5422656173758771,
      0.5278620341991357,
      0.5226423012423143,
      0.5228867686121058,
      0.5338172341255754,
      0.5531458692795497,
      0.5364390104619646
     ]
    }
   ]
  },
  "steel_industrial_R0.5m": {
   "c0": 5347.083272644832,
   "rows": [
    {
     "rpm": 3000.0,
     "Om_nd": 0.02937669467073649,
     "rim": 218.34068942449065,
     "f_star_hz": NaN,
     "n_below": -1,
     "r_top": 0.5307152400304783,
     "prestress_top": 7.716078379041977e-07,
     "centers": [
      10.199285388877236,
      14.430762565080261,
      17.74156602372063,
      20.583381359759215,
      23.145180874261,
      25.44219136507729,
      27.61922578654088,
      29.674016558591134,
      31.61078023532163,
      33.44295266529318
     ],
     "rs": [
      0.5376284615861106,
      0.52876727073668,
      0.5172129407052022,
      0.5198244839151441,
      0.5052240076352538,
      0.4935088414260362,
      0.5102440379006883,
      0.5334309082276393,
      0.5405379183634839,
      0.5181768935003116
     ]
    },
    {
     "rpm": 12000.0,
     "Om_nd": 0.11750677868294596,
     "rim": 873.3627576979626,
     "f_star_hz": NaN,
     "n_below": -1,
     "r_top": 0.5329194192321517,
     "prestress_top": 1.2345451721279522e-05,
     "centers": [
      10.20059071247366,
      14.430734052950921,
      17.741605100880818,
      20.58329442880143,
      23.145470120438315,
      25.44263471820885,
      27.619619845702506,
      29.674320135214025,
      31.611168462376035,
      33.44332336011486
     ],
     "rs": [
      0.5474010209719651,
      0.5340980230885173,
      0.5231420547938722,
      0.5238036382253447,
      0.5100255880493088,
      0.5007150749455365,
      0.5132367166529641,
      0.5342540616473286,
      0.5435632749403267,
      0.5209409211087999
     ]
    },
    {
     "rpm": 30000.0,
     "Om_nd": 0.2937669467073649,
     "rim": 2183.4068942449067,
     "f_star_hz": 17373.87811057345,
     "n_below": 110,
     "r_top": 0.5411676783651215,
     "prestress_top": 7.714949274636697e-05,
     "centers": [
      10.207742250018168,
      14.43049560593617,
      17.74185499305551,
      20.582848418066895,
      23.147130422718384,
      25.445128403179,
      27.62181677736662,
      29.676006143858928,
      31.613301408804194,
      33.44539981059155
     ],
     "rs": [
      0.5832121214338957,
      0.5569738585859793,
      0.5451557960824631,
      0.5423144742282818,
      0.5279284964144894,
      0.5227012109693417,
      0.5229066938483559,
      0.5338226557751734,
      0.553182331837957,
      0.5364980474822342
     ]
    },
    {
     "rpm": 100000.0,
     "Om_nd": 0.9792231556912163,
     "rim": 7278.022980816355,
     "f_star_hz": 17441.22545325351,
     "n_below": 110,
     "r_top": 0.5885234967482704,
     "prestress_top": 0.0008561163737000877,
     "centers": [
      10.247311096474121,
      14.41535180302935,
      17.746939079819683,
      20.582318062901905,
      23.17148752699454,
      25.476095547138417,
      27.646838718424966,
      29.696122276106113,
      31.636463278368815,
      33.46688358848593
     ],
     "rs": [
      0.5855816799931469,
      0.5942097371196708,
      0.5882304120365198,
      0.5962929988376882,
      0.5783012890501347,
      0.5764594003839401,
      0.5879150462008544,
      0.5887328526533724,
      0.5899666445414294,
      0.5868709930500096
     ]
    }
   ]
  }
 },
 "wall_time_s": 898.9
}