{
 "domains": {
  "chir": {
   "s1": 1.7187066597641614,
   "rows": [
    {
     "Om": 0.0,
     "strain_pct": 0.0,
     "r_pre": 0.5147368390363015,
     "sem": 0.007810321928541305,
     "r_bare": 0.5147368390363015,
     "r_top3": 0.5230305142450105,
     "max_imag": 0.0,
     "centers": [
      10.198358898223532,
      14.43092065187477,
      17.739781436586107,
      20.584705110147617,
      23.144732464443088,
      25.443741114223474,
      27.606658634406006,
      29.67258077671164,
      31.619935708480213,
      33.43078060810207
     ],
     "rs": [
      0.5336229587857276,
      0.5097528569396874,
      0.4775785412097709,
      0.498778075739248,
      0.5262583096314305,
      0.5206239614459477,
      0.49635347062121826,
      0.5069804584450451,
      0.5299265624929589,
      0.5321845217970272
     ]
    },
    {
     "Om": 0.05,
     "strain_pct": 0.42967666494104045,
     "r_pre": 0.5232096089633761,
     "sem": 0.00789939087039534,
     "r_bare": 0.5156600918377428,
     "r_top3": 0.5398611232158156,
     "max_imag": 7.974069950600644e-14,
     "centers": [
      10.204634045985784,
      14.442573982367657,
      17.75133062668793,
      20.60091113169147,
      23.16454298176995,
      25.46210304725846,
      27.627343969826825,
      29.693137707036293,
      31.642310999357427,
      33.45555729457847
     ],
     "rs": [
      0.53645077007957,
      0.5118193467343614,
      0.48164097592591604,
      0.5017080955388304,
      0.5371319762755138,
      0.5310652839917055,
      0.5065678625710506,
      0.524553338530193,
      0.5423249236368309,
      0.5527051074804226
     ]
    },
    {
     "Om": 0.1,
     "strain_pct": 1.7187066597641618,
     "r_pre": 0.5246808043178213,
     "sem": 0.007732541216929626,
     "r_bare": 0.5180749206910958,
     "r_top3": 0.5170517750155444,
     "max_imag": 6.718290912455728e-14,
     "centers": [
      10.223518107063054,
      14.476979769534605,
      17.78611967084676,
      20.649009214107565,
      23.225090751790823,
      25.517673200777004,
      27.68964838722202,
      29.7543062647937,
      31.704649240386942,
      33.52875403080293
     ],
     "rs": [
      0.5455517291535346,
      0.5182442630215711,
      0.5097252493654211,
      0.5262889948118421,
      0.5155146784237963,
      0.5152674129151318,
      0.5370783960559358,
      0.536033810882481,
      0.49892091605424654,
      0.5162005981099057
     ]
    },
    {
     "Om": 0.15,
     "strain_pct": 3.867089984469363,
     "r_pre": 0.5281990473301509,
     "sem": 0.007735147510389264,
     "r_bare": 0.5214929089038616,
     "r_top3": 0.5075873590911565,
     "max_imag": 5.1873720231489544e-14,
     "centers": [
      10.255277711082673,
      14.532277331096758,
      17.845918038545104,
      20.727680691764903,
      23.309832770487315,
      25.61140058278639,
      27.791970701154437,
      29.856422410023818,
      31.80603737319104,
      33.64652057835914
     ],
     "rs": [
      0.5652064158779895,
      0.525820084257506,
      0.540563326717077,
      0.5496448909672982,
      0.5422323268246542,
      0.535635778567668,
      0.5198872314094611,
      0.5235447870983022,
      0.5058556299797207,
      0.49336166019544664
     ]
    },
    {
     "Om": 0.2,
     "strain_pct": 6.874826639056647,
     "r_pre": 0.5466000124239804,
     "sem": 0.007546442514755005,
     "r_bare": 0.5258994253308719,
     "r_top3": 0.5334302879779651,
     "max_imag": 3.7461356795758927e-14,
     "centers": [
      10.300546593292141,
      14.605829351235512,
      17.93883161225,
      20.834170588134732,
      23.426518866970653,
      25.744566057715915,
      27.92934798005883,
      30.009466331459336,
      31.947782648235027,
      33.81442484408612
     ],
     "rs": [
      0.5905494585412835,
      0.5457791012704306,
      0.5545933958162512,
      0.5596511890919684,
      0.5641316741161643,
      0.5810564225647114,
      0.5467012582723274,
      0.5429451523589843,
      0.5436281035048847,
      0.5137176080700263
     ]
    },
    {
     "Om": 0.25,
     "strain_pct": 10.74191662352601,
     "r_pre": 0.5478699837343478,
     "sem": 0.007668494778291658,
     "r_bare": 0.5308113067317698,
     "r_top3": 0.5470862681114083,
     "max_imag": 2.585371378420693e-14,
     "centers": [
      10.36013111502525,
      14.696529283136254,
      18.06156965636856,
      20.958502394471232,
      23.569705838228643,
      25.914978087826906,
      28.099085747491085,
      30.20753476941227,
      32.14319520722539,
      34.0394108016438
     ],
     "rs": [
      0.5929967343198305,
      0.5442148245509786,
      0.5468495766426128,
      0.5672688258974246,
      0.5498477589774241,
      0.5294369571886192,
      0.5638164905166626,
      0.5819350292349348,
      0.5324355742634841,
      0.5268882008358057
     ]
    },
    {
     "Om": 0.3,
     "strain_pct": 15.468359937877452,
     "r_pre": 0.5664284243052918,
     "sem": 0.007246593018017927,
     "r_bare": 0.5363588377910847,
     "r_top3": 0.5668827077744861,
     "max_imag": 2.2255183422599588e-14,
     "centers": [
      10.434425069234337,
      14.805520420451636,
      18.202869672717643,
      21.101335921952067,
      23.72667105671949,
      26.130210185537674,
      28.318327708367043,
      30.41915232434628,
      32.393352282571165,
      34.28964016840787
     ],
     "rs": [
      0.5888281595587503,
      0.5627551100313863,
      0.5487972328221086,
      0.5444483360523994,
      0.5728998491208414,
      0.5831142481106683,
      0.5698601222906641,
      0.5640429263790943,
      0.5546796263560784,
      0.5819255705882854
     ]
    },
    {
     "Om": 0.35,
     "strain_pct": 21.054156582110974,
     "r_pre": 0.5608099525226186,
     "sem": 0.007418161291328741,
     "r_bare": 0.542150429463712,
     "r_top3": 0.5589109178463877,
     "max_imag": 1.8582048107541503e-14,
     "centers": [
      10.523423721245386,
      14.933462612475743,
      18.35586213950463,
      21.282536966891907,
      23.923865979522468,
      26.352821238766154,
      28.583426981855254,
      30.69287707975031,
      32.68767287506382,
      34.5849003212264
     ],
     "rs": [
      0.5985768788657841,
      0.5936968501005742,
      0.5592839306667964,
      0.530931624965485,
      0.5637532221479516,
      0.5800077440362073,
      0.547095380633721,
      0.5556863958306497,
      0.5684312998267356,
      0.5526150578817776
     ]
    }
   ],
   "resid": 0.0009184419861559909
  },
  "mirror": {
   "s1": 0.9842195026702361,
   "rows": [
    {
     "Om": 0.0,
     "strain_pct": 0.0,
     "r_pre": 0.43025697463252704,
     "sem": 0.008400851356318316,
     "r_bare": 0.43025697463252704,
     "r_top3": 0.4276998441963867,
     "max_imag": 0.0,
     "centers": [
      10.160746494717051,
      14.323855195900991,
      17.725192784515098,
      20.526897063059856,
      23.103401543981278,
      25.43143316280317,
      27.628151066887398,
      29.676634112256224,
      31.608037806128173,
      33.478460097463426
     ],
     "rs": [
      0.4298572931492826,
      0.43981172339238495,
      0.44959349927842707,
      0.4212734890097192,
      0.45221971397828503,
      0.45719354702741166,
      0.3958150048979575,
      0.4357704685403098,
      0.4531457177074005,
      0.39418334634144986
     ]
    },
    {
     "Om": 0.05,
     "strain_pct": 0.24605487566755907,
     "r_pre": 0.44209532787395206,
     "sem": 0.008477757558700956,
     "r_bare": 0.43386043068948854,
     "r_top3": 0.4341735255874171,
     "max_imag": 9.44048561158115e-15,
     "centers": [
      10.168772082230365,
      14.334749900931804,
      17.738133954576462,
      20.54292491471181,
      23.123130288596958,
      25.449935272480467,
      27.65145449626553,
      29.699706847024547,
      31.630788318796398,
      33.50379678478482
     ],