{
 "config": {
  "nu": 0.33,
  "n_modes": 1203,
  "mesh": [
   32,
   96
  ],
  "mesh_check": [
   24,
   72
  ],
  "mirr": [
   [
    2,
    0.15,
    0.0
   ],
   [
    3,
    0.13,
    0.0
   ],
   [
    4,
    0.1,
    0.0
   ],
   [
    5,
    0.08,
    0.0
   ]
  ],
  "chir": [
   [
    2,
    0.12,
    0.4
   ],
   [
    3,
    0.11,
    1.7
   ],
   [
    4,
    0.09,
    2.9
   ],
   [
    5,
    0.07,
    4.4
   ]
  ],
  "mist_ang": [
   0.6,
   1.9,
   3.3,
   5.1
  ],
  "mist_rad": [
   0.55,
   0.42,
   0.63,
   0.48
  ],
  "c_omegas": [
   0.0,
   0.25,
   0.5,
   1.0,
   2.0,
   4.0
  ],
  "two_axis_cd": [
   0.0,
   0.5,
   1.0,
   2.0
  ],
  "two_axis_co": [
   0.0,
   1.0,
   2.0
  ],
  "spacing_frac": 0.1
 },
 "gates": {
  "mirror_symop": {
   "involution": 0.0,
   "commute_K": 6.369764834365981e-15,
   "commute_M": 6.563998275048252e-15,
   "G0_anticommute": 6.563998275048252e-15,
   "G0_commute": 2.0
  }
 },
 "domains": {
  "chir": {
   "ndof": 48194,
   "n_levels": 1200,
   "two_mesh_nstar": 56,
   "resid": 0.0008746485728283372,
   "sweep": {
    "0": {
     "r": 0.530271804221372,
     "sem": 0.0077475863215240625,
     "n": 1078,
     "max_imag": 0.0,
     "pair_err": 5.908690117150495e-16
    },
    "0.25": {
     "r": 0.5469607812528077,
     "sem": 0.007619483924400025,
     "n": 1078,
     "max_imag": 3.2712377827248664e-14,
     "pair_err": 2.4854536214742005e-13
    },
    "0.5": {
     "r": 0.5658540583826438,
     "sem": 0.007384675215760313,
     "n": 1078,
     "max_imag": 2.473533399548065e-14,
     "pair_err": 2.504719226292114e-13
    },
    "1": {
     "r": 0.598531051498212,
     "sem": 0.007185568925038,
     "n": 1078,
     "max_imag": 1.7102361723542173e-14,
     "pair_err": 2.5399510564199497e-13
    },
    "2": {
     "r": 0.599174182967836,
     "sem": 0.007126235795857916,
     "n": 1078,
     "max_imag": 7.122210096778122e-14,
     "pair_err": 2.2892550055089163e-13
    },
    "4": {
     "r": 0.5935716800875794,
     "sem": 0.007023856758452227,
     "n": 1078,
     "max_imag": 2.136425777257221e-14,
     "pair_err": 2.2168680897852915e-13
    }
   },
   "prestress_ratio_c2": 0.0069431217287843705,
   "trunc_gate_c1_N600": {
    "r": 0.6233225753353082,
    "sem": 0.009965353183086388,
    "n": 538
   }
  },
  "mirror": {
   "ndof": 48194,
   "n_levels": 1199,
   "two_mesh_nstar": 44,
   "resid": 0.000768736963043485,
   "sweep": {
    "0": {
     "r": 0.41800833885657357,
     "sem": 0.008481619429616836,
     "n": 1078,
     "max_imag": 0.0,
     "pair_err": 5.910163528435866e-16
    },
    "0.25": {
     "r": 0.4681799273768688,
     "sem": 0.008100853486898261,
     "n": 1078,
     "max_imag": 2.482511127582413e-20,
     "pair_err": 6.343291194820454e-14
    },
    "0.5": {
     "r": 0.4951133405888482,
     "sem": 0.007879255185274506,
     "n": 1078,
     "max_imag": 4.5093306993512077e-17,
     "pair_err": 7.34695506973739e-14
    },
    "1": {
     "r": 0.5278167600644618,
     "sem": 0.007770964466984638,
     "n": 1078,
     "max_imag": 1.5291729704557608e-19,
     "pair_err": 6.20077575606328e-14
    },
    "2": {
     "r": 0.5233056629558858,
     "sem": 0.00764253513926853,
     "n": 1078,
     "max_imag": 5.512554350311274e-16,
     "pair_err": 7.160478152480668e-14
    },
    "4": {
     "r": 0.5298914255377078,
     "sem": 0.007875658317939014,
     "n": 1078,
     "max_imag": 9.596793468127108e-15,
     "pair_err": 5.826076042737241e-14
    }
   },
   "prestress_ratio_c2": 0.006975152522900431,
   "trunc_gate_c1_N600": {
    "r": 0.5219325272624804,
    "sem": 0.010559298917583733,
    "n": 538
   },
   "two_axis": {
    "0_0": {
     "r": 0.41800833885657357,
     "sem": 0.008481619429616836,
     "n": 1078
    },
    "0_1": {
     "r": 0.5278167600644618,
     "sem": 0.007770964466984638,
     "n": 1078
    },
    "0_2": {
     "r": 0.5233056629558858,
     "sem": 0.00764253513926853,
     "n": 1078
    },
    "0.5_0": {
     "r": 0.5444917939730065,
     "sem": 0.007561308050557181,
     "n": 1078
    },
    "0.5_1": {
     "r": 0.5768432769708397,
     "sem": 0.0070765247675023115,
     "n": 1078
    },
    "0.5_2": {
     "r": 0.6042413573498235,
     "sem": 0.007065538773285247,
     "n": 1078
    },
    "1_0": {
     "r": 0.5448457718683114,
     "sem": 0.007548374578704535,
     "n": 1078
    },
    "1_1": {
     "r": 0.5769666234222647,
     "sem": 0.007074588082202489,
     "n": 1078
    },
    "1_2": {
     "r": 0.6043520002619792,
     "sem": 0.007065131775358026,
     "n": 1078
    },
    "2_0": {
     "r": 0.5449969380542151,
     "sem": 0.007542410294903538,
     "n": 1078
    },
    "2_1": {
     "r": 0.5770645159931511,
     "sem": 0.007075110665971638,
     "n": 1078
    },
    "2_2": {
     "r": 0.6044098539815786,
     "sem": 0.0070647635687649465,
     "n": 1078
    }
   }
  }
 },
 "verdict": "CHECK -- see gates/tables",
 "wall_time_s": 3530.9
}