{
 "config": {
  "a": 1.0,
  "b": 0.6177017291400357,
  "nu": 0.33,
  "mesh": [
   96,
   60
  ],
  "t_gate": 0.005,
  "n_gate": 203,
  "ts": [
   0.02,
   0.05,
   0.1,
   0.15
  ],
  "n_modes": 400,
  "probe_npts": 1500
 },
 "runs": {
  "t0.02": {
   "t": 0.02,
   "per_sector": {
    "ee": [
     0.4574467221965349,
     0.027526370103096276,
     94
    ],
    "eo": [
     0.41884729473332066,
     0.026669342363903895,
     86
    ],
    "oe": [
     0.4810869498614823,
     0.027807219109369532,
     88
    ],
    "oo": [
     0.45771054984816406,
     0.02925044843709578,
     84
    ]
   },
   "pooled": [
    0.45398919604714794,
    0.01396202219932563
   ],
   "counts": {
    "ee": 106,
    "eo": 98,
    "oe": 100,
    "oo": 96,
    "xx": 0
   },
   "n_rigid": 3,
   "min_quality": 0.9344847862263618,
   "solve_resid": 0.008993127206722533,
   "wall_s": 328.5
  },
  "t0.05": {
   "t": 0.05,
   "per_sector": {
    "ee": [
     0.49457962142030387,
     0.026617766871812328,
     92
    ],
    "eo": [
     0.45662118823578485,
     0.026186802049147077,
     86
    ],
    "oe": [
     0.5352794729713479,
     0.02742544245941867,
     89
    ],
    "oo": [
     0.4277785206490149,
     0.027793253594908914,
     83
    ]
   },
   "pooled": [
    0.47976067904932473,
    0.01367636841830569
   ],
   "counts": {
    "ee": 104,
    "eo": 98,
    "oe": 101,
    "oo": 95,
    "xx": 2
   },
   "n_rigid": 3,
   "min_quality": 0.09582139237190518,
   "solve_resid": 0.008345753605914254,
   "wall_s": 419.3
  },
  "t0.1": {
   "t": 0.1,
   "per_sector": {
    "ee": [
     0.5096740880955295,
     0.02688605955082705,
     91
    ],
    "eo": [
     0.5453351684065839,
     0.028289631362072888,
     86
    ],
    "oe": [
     0.5388333952979592,
     0.02746660222249685,
     89
    ],
    "oo": [
     0.5764007116769985,
     0.027421578013515083,
     86
    ]
   },
   "pooled": [
    0.5420619314926127,
    0.013813026420710849
   ],
   "counts": {
    "ee": 103,
    "eo": 98,
    "oe": 101,
    "oo": 98,
    "xx": 0
   },
   "n_rigid": 3,
   "min_quality": 0.9570762822796205,
   "solve_resid": 0.00752934766246775,
   "wall_s": 309.4
  },
  "t0.15": {
   "t": 0.15,
   "per_sector": {
    "ee": [
     0.6026827667088763,
     0.024084744289203118,
     90
    ],
    "eo": [
     0.585901935855375,
     0.026378667675583427,
     87
    ],
    "oe": [
     0.4979080166213377,
     0.02575266334107796,
     88
    ],
    "oo": [
     0.5398170505555223,
     0.027558052858980935,
     87
    ]
   },
   "pooled": [
    0.5568037110347291,
    0.013155248194091597
   ],
   "counts": {
    "ee": 102,
    "eo": 99,
    "oe": 100,
    "oo": 99,
    "xx": 0
   },
   "n_rigid": 3,
   "min_quality": 0.9706659664654093,
   "solve_resid": 0.006692654841812964,
   "wall_s": 291.9
  }
 },
 "gates": {
  "G1": {
   "max_relerr": 0.0323957275002443,
   "med_relerr": 0.017570155315248706,
   "rigid": 3,
   "ndof": 70059
  }
 },
 "verdict": "SUPPORTS the thick-plate prediction (systematic increase of <r> with thickness)",
 "wall_time_s": 1442.2
}