{
 "config": {
  "a": 1.0,
  "b": 0.6177017291400357,
  "nu": 0.33,
  "mesh": [
   96,
   60
  ],
  "t_gate": 0.005,
  "n_gate": 203,
  "ts": [
   0.02,
   0.05,
   0.1,
   0.15
  ],
  "n_modes": 400,
  "probe_npts": 1500
 },
 "runs": {
  "t0.02": {
   "t": 0.02,
   "per_sector": {
    "ee": [
     0.4574467221965349,
     0.027526370103096276,
     94
    ],
    "eo": [
     0.41884729473332066,
     0.026669342363903895,
     86
    ],
    "oe": [
     0.4810869498614823,
     0.027807219109369532,
     88
    ],
    "oo": [
     0.45771054984816406,
     0.02925044843709578,
     84
    ]
   },
   "pooled": [
    0.45398919604714794,
    0.01396202219932563
   ],
   "counts": {
    "ee": 106,
    "eo": 98,
    "oe": 100,
    "oo": 96,
    "xx": 0
   },
   "n_rigid": 3,
   "min_quality": 0.9344847862263618,
   "solve_resid": 0.008993127206722533,
   "wall_s": 328.5
  }
 },
 "gates": {
  "G1": {
   "max_relerr": 0.0323957275002443,
   "med_relerr": 0.017570155315248706,
   "rigid": 3,
   "ndof": 70059
  }
 }
}