{
 "gates": {
  "free_two_mesh": 61,
  "free_vs_e5": 668,
  "n_e5": 668,
  "ss_strict": 26,
  "ss_order": 396,
  "n_use_f": 668,
  "n_use_s": 1040,
  "ss_penalty_order": 1040
 },
 "sectors": {
  "ee": {
   "Ns": [
    128,
    256
   ],
   "mln": [
    -1.768445330319726,
    -2.0317543292859526
   ],
   "slope": -0.37987458703001215,
   "se": 0.23250467267451208,
   "D2": 0.37987458703001215,
   "Dq": {
    "1.5": 0.43824330664699734,
    "2.0": 0.37987458703001264,
    "4.0": 0.30581461918639496
   },
   "dq_spread": 0.13242868746060238
  },
  "eo": {
   "Ns": [
    128,
    256
   ],
   "mln": [
    -1.9999824383807967,
    -2.1416969485190567
   ],
   "slope": -0.2044508209984764,
   "se": 0.2122397346441489,
   "D2": 0.2044508209984764,
   "Dq": {
    "1.5": 0.27686784449493657,
    "2.0": 0.204450820998477,
    "4.0": 0.1165190657569433
   },
   "dq_spread": 0.16034877873799325
  },
  "oe": {
   "Ns": [
    128,
    256
   ],
   "mln": [
    -2.0349667224162737,
    -2.095941964446891
   ],
   "slope": -0.0879686792945759,
   "se": 0.190154094894992,
   "D2": 0.0879686792945759,
   "Dq": {
    "1.5": 0.1758971860526583,
    "2.0": 0.08796867929457677,
    "4.0": -0.005753234873600548
   },
   "dq_spread": 0.18165042092625885
  },
  "oo": {
   "Ns": [
    128
   ],
   "coverage_limited": true
  }
 },
 "pooled": {
  "slope": -0.20479685287068838,
  "se": 0.12095326885958127,
  "D2": 0.20479685287068838,
  "sigma": 1.693189897235799
 },
 "verdict": "INTERMEDIATE (1.7 sigma; see table)."
}